id,english,japanese,detail,sample,sample-jpn
c1-part3-0001,scorn,軽べつ,「軽べつ」を表す語。具体的な意味から、比喩・専門的な使い方にも広がる。 ,"She looked at the lie with scorn.",彼女はその嘘を軽蔑の目で見た。
c1-part3-0002,tact,機転,「機転」を表す語。具体的な意味から、比喩・専門的な使い方にも広がる。 ,"She handled the complaint with tact.",彼女は苦情を巧みに処理した。
c1-part3-0003,professionalism,専門職意識；プロ意識,専門家としての高い技術と倫理観。プロ意識・専門職らしい振る舞いを表す語。,"Her professionalism impressed the clients.",彼女のプロ意識はクライアントを感心させた。
c1-part3-0004,possessor,所有者,「所有者」を表す語という具体的対象。人・物・場所などを直接指す語。 ,"The possessor of the ticket can enter the hall.",チケットの所持者はホールに入場できる。
c1-part3-0005,churn,かき回す；大量離脱,「かき回す」を表す語。顧客離脱や大量生産の比喩にも使う。「大量離脱」の意味もある。 ,"The machine churns butter.",その機械はバターを攪拌する。
c1-part3-0006,malfunction,機能不全,「機能不全」という状態や考えを表す語。学術・法律・制度などの改まった文脈で多い。 ,"A malfunction stopped the machine.",誤作動が機械を止めた。
c1-part3-0007,revere,～ をあがめる,「あがめる」という動き・変化を表す語。物理的な動作だけでなく、抽象的な作用にも使う。 ,"The villagers revere the old temple.",村人たちは古い寺院を崇めている。
c1-part3-0008,closeness,近さ；親密さ,物理的・感情的に近い状態。親密さ・密接さ・近さを表す抽象名詞。,"The closeness of the race surprised everyone.",レースの接戦は全員を驚かせた。
c1-part3-0009,marvel,驚異,「驚異」を表す語。具体的な意味から、比喩・専門的な使い方にも広がる。 ,"The bridge is a marvel of engineering.",その橋は工学の驚異だ。
c1-part3-0010,hypocrisy,偽善,「偽善」を表す語。具体的な意味から、比喩・専門的な使い方にも広がる。 ,"His hypocrisy angered his friends.",彼の偽善が友人たちを怒らせた。
c1-part3-0011,nocturnal,夜行性の；夜の,「夜行性の」という性質を表す語。人・物・状況を評価・分類する形容詞表現。「夜の」の意味もある。 ,"Owls are nocturnal birds.",フクロウは夜行性の鳥だ。
c1-part3-0012,hack,～ をたたき切る,「たたき切る」という動き・変化を表す語。物理的な動作だけでなく、抽象的な作用にも使う。 ,"The thief tried to hack the company server.",泥棒は会社のサーバーをハッキングしようとした。
c1-part3-0013,creamy,クリーム状の,「クリーム状の」という性質を表す語。人・物・状況を評価・分類する形容詞表現。 ,"The sauce was thick and creamy.",ソースは濃厚でクリーミーだった。
c1-part3-0014,remorse,後悔,「後悔」を表す語。具体的な意味から、比喩・専門的な使い方にも広がる。 ,"He felt remorse after lying to his friend.",友人に嘘をついた後、彼は後悔を感じた。
c1-part3-0015,farce,笑劇,「笑劇」を表す語。具体的な意味から、比喩・専門的な使い方にも広がる。 ,"The serious meeting turned into a farce.",真剣な会議は茶番劇になってしまった。
c1-part3-0016,sanctity,神聖さ；尊厳,侵してはならない神聖さ・尊厳。命・結婚・契約などの不可侵性を表す語。,"They respected the sanctity of the temple.",彼らはその寺院の神聖さを尊重した。
c1-part3-0017,offspring,子,「子」を表す語。具体的な意味から、比喩・専門的な使い方にも広がる。 ,"The bird feeds its offspring in the nest.",鳥は巣の中のひなにえさを与える。
c1-part3-0018,glean,～ を少しずつ集める,「少しずつ集める」という動き・変化を表す語。物理的な動作だけでなく、抽象的な作用にも使う。 ,"We can glean useful facts from the report.",その報告書から役立つ情報を引き出すことができる。
c1-part3-0019,extravagance,浪費,「浪費」という状態や考えを表す語。学術・法律・制度などの改まった文脈で多い。 ,"His extravagance quickly emptied his savings.",彼の浪費癖はすぐに貯蓄を底をつかせた。
c1-part3-0020,candid,率直な,「率直な」という性質を表す語。人・物・状況を評価・分類する形容詞表現。 ,"He gave a candid answer.",彼は率直な答えをした。
c1-part3-0021,reassurance,安心させること,「安心させること」という動き・変化を表す語。物理的な動作だけでなく、抽象的な作用にも使う。 ,"His calm voice gave her reassurance.",彼の落ち着いた声が彼女を安心させた。
c1-part3-0022,proliferate,増殖する,「増殖する」という動き・変化を表す語。物理的な動作だけでなく、抽象的な作用にも使う。 ,"Online rumors can proliferate quickly.",オンラインのうわさはすぐに広まることがある。
c1-part3-0023,monotonous,単調な,「単調な」という性質を表す語。人・物・状況を評価・分類する形容詞表現。 ,"The monotonous lecture made students sleepy.",単調な講義が学生を眠らせた。
c1-part3-0024,heifer,若い雌牛,「若い雌牛」を表す語という具体的対象。人・物・場所などを直接指す語。 ,"The heifer grazed beside the barn.",若い雌牛が納屋のそばで草を食べていた。
c1-part3-0025,wooded,樹木の茂った,「樹木の茂った」という性質を表す語。人・物・状況を評価・分類する形容詞表現。 ,"A wooded path led to the lake.",木の生い茂った小道が湖へと続いていた。
c1-part3-0026,misplace,～ を置き間違える,「置き間違える」という動き・変化を表す語。物理的な動作だけでなく、抽象的な作用にも使う。 ,"Do not misplace your passport.",パスポートをなくさないようにしよう。
c1-part3-0027,resonate,反響する,「反響する」という動き・変化を表す語。物理的な動作だけでなく、抽象的な作用にも使う。 ,"Her words resonate with young people.",彼女の言葉は若者の心に響く。
c1-part3-0028,recessive,劣性の；後退的な,「劣性の」という性質を表す語。人・物・状況を評価・分類する形容詞表現。「後退的な」の意味もある。 ,"Blue eyes can be a recessive trait.",青い目は劣性形質である場合がある。
c1-part3-0029,itinerary,旅程,「旅程」を表す語。具体的な意味から、比喩・専門的な使い方にも広がる。 ,"The itinerary lists each stop on the tour.",旅程表にはツアーの各立ち寄り先が載っている。
c1-part3-0030,versatility,多才,「多才」という状態や考えを表す語。学術・法律・制度などの改まった文脈で多い。 ,"The tool's versatility makes it useful.",そのツールの多用途性が使いやすくしている。
c1-part3-0031,acoustics,音響学,「音響学」という状態や考えを表す語。学術・法律・制度などの改まった文脈で多い。 ,"The concert hall has excellent acoustics.",コンサートホールは音響が優れている。
c1-part3-0032,unconventional,しきたりにとらわれない,「しきたりにとらわれない」という性質を表す語。人・物・状況を評価・分類する形容詞表現。 ,"Her unconventional idea surprised the team.",彼女の型破りなアイデアはチームを驚かせた。
c1-part3-0033,facilitation,促進；円滑化,物事をスムーズに進める手助け・促進。ファシリテーションとも呼ぶ語。,"His facilitation kept the discussion moving.",彼の進行役としての働きが議論をスムーズに進めた。
c1-part3-0034,adjoining,隣り合う,「隣り合う」を表す語。具体的な意味から、比喩・専門的な使い方にも広がる。 ,"Our rooms are adjoining.",私たちの部屋は隣り合っている。
c1-part3-0035,complimentary,無料の；称賛の,「好意として与える」を表す語。無料・称賛の二義に注意。「無料の」の意味もある。 ,"The hotel offered complimentary breakfast.",ホテルは朝食無料サービスを提供した。
c1-part3-0036,impervious,通さない；影響されない,「通さない」を表す語。水だけでなく批判に鈍い意味もある。「影響されない」の意味もある。 ,"The material is impervious to water.",その素材は水を通さない。
c1-part3-0037,repertory,レパートリー,「持ち演目の一覧」を表す語。劇・音楽・技能のレパートリー。 ,"The theater added a new play to its repertory.",劇場はレパートリーに新しい劇を加えた。
c1-part3-0038,respite,一時的休息；猶予,「一時的休息」を表す語。具体的な意味から、比喩・専門的な使い方にも広がる。「猶予」の意味もある。 ,"The cool room gave us respite from the heat.",涼しい部屋は暑さからのひとときの安らぎを与えてくれた。
c1-part3-0039,overdraft,当座貸越,「当座貸越」を表す語。具体的な意味から、比喩・専門的な使い方にも広がる。 ,"An overdraft occurs when you spend more than your balance.",当座借越は残高を超えて使った場合に発生する。
c1-part3-0040,domesticate,～ を飼いならす；家庭化する,野生動物を飼いならして家畜化する。人や環境を家庭的にする意味にも使う。,"Humans began to domesticate animals long ago.",人類はずっと昔に動物を家畜化し始めた。
c1-part3-0041,gape,口をぽかんと開ける,「大きく開く」を表す語。口を開けて驚く様子に使う。 ,"The child began to gape at the fireworks.",子どもは花火をぽかんと口を開けて見始めた。
c1-part3-0042,prohibitive,法外な；禁止的な,「法外な」という性質を表す語。人・物・状況を評価・分類する形容詞表現。「禁止的な」の意味もある。 ,"The cost of the trip was prohibitive.",その旅行の費用は法外だった。
c1-part3-0043,calorie,カロリー,「カロリー」を表す語。具体的な意味から、比喩・専門的な使い方にも広がる。 ,"A calorie is a unit of energy.",カロリーはエネルギーの単位だ。
c1-part3-0044,enterprising,進取の気性に富んだ,「進取の気性に富んだ」という状態や考えを表す語。学術・法律・制度などの改まった文脈で多い。 ,"The enterprising student started a small shop.",積極的な生徒が小さなお店を始めた。
c1-part3-0045,subtly,微妙に,「微妙に」を表す語という仕方。動作・判断の程度や話し手の態度を補う。 ,"He subtly changed the subject.",彼はさりげなく話題を変えた。
c1-part3-0046,commendation,称賛；推薦,「称賛」という状態や考えを表す語。学術・法律・制度などの改まった文脈で多い。「推薦」の意味もある。 ,"She received a commendation for bravery.",彼女は勇敢さで表彰を受けた。
c1-part3-0047,consultancy,コンサルタント業務,「コンサルタント業務」という状態や考えを表す語。学術・法律・制度などの改まった文脈で多い。 ,"The company hired a consultancy for advice.",会社はアドバイスのためにコンサルタント会社を雇った。
c1-part3-0048,eclectic,折衷的な；幅広く選んだ,様々な源から良いものを選び取る折衷的なイメージ。多様な要素が混ざった。,"Her eclectic taste includes jazz and opera.",彼女の折衷的な趣味にはジャズとオペラが含まれる。
c1-part3-0049,physique,体格,「体格」を表す語。具体的な意味から、比喩・専門的な使い方にも広がる。 ,"He has an athletic physique.",彼は運動選手のような体格をしている。
c1-part3-0050,taut,ぴんと張った,「ぴんと張った」という性質を表す語。人・物・状況を評価・分類する形容詞表現。 ,"The rope was pulled taut.",ロープはピンと張られた。
c1-part3-0051,astray,迷って,「迷って」を表す語。具体的な意味から、比喩・専門的な使い方にも広がる。 ,"We took a wrong turn and went astray.",私たちは曲がる場所を間違えて、迷ってしまった。
c1-part3-0052,mythological,神話の,「神話の」という性質を表す語。人・物・状況を評価・分類する形容詞表現。 ,"A mythological creature appeared in the story.",神話上の生き物が物語に登場した。
c1-part3-0053,demography,人口統計学,「人口統計学」という状態や考えを表す語。学術・法律・制度などの改まった文脈で多い。 ,"Demography studies populations.",人口統計学は人口を研究する学問だ。
c1-part3-0054,incisor,門歯,「門歯」を表す語。具体的な意味から、比喩・専門的な使い方にも広がる。 ,"An incisor is a front tooth used for biting.",切歯は物をかじるための前歯だ。
c1-part3-0055,congregate,集まる,「集まる」という動き・変化を表す語。物理的な動作だけでなく、抽象的な作用にも使う。 ,"Students congregate near the entrance.",学生たちが入り口付近に集まる。
c1-part3-0056,sap,樹液,「樹液」を表す語。具体的な意味から、比喩・専門的な使い方にも広がる。 ,"Sap dripped from the tree.",樹液が木から滴り落ちた。
c1-part3-0057,compliant,従順な,「従順な」という性質を表す語。人・物・状況を評価・分類する形容詞表現。 ,"The factory is compliant with safety rules.",その工場は安全規則を遵守している。
c1-part3-0058,domestically,国内で；家庭内で,「国内で」を表す語という仕方。動作・判断の程度や話し手の態度を補う。「家庭内」の意味もある。 ,"The company sells its products domestically.",その会社は製品を国内で販売している。
c1-part3-0059,fanciful,空想的な；現実離れした,現実よりも想像・幻想を重んじるイメージ。空想的・非現実的・奇抜な意味。,"His fanciful excuse sounded like a fairy tale.",彼の奇抜な言い訳はおとぎ話のように聞こえた。
c1-part3-0060,unoccupied,占有されていない,「占有されていない」という性質を表す語。人・物・状況を評価・分類する形容詞表現。 ,"The house remained unoccupied for years.",その家は何年も空き家のままだった。
c1-part3-0061,overseer,監督者,「監督者」を表す語という具体的対象。人・物・場所などを直接指す語。 ,"The overseer checked that the work was done safely.",監督者は作業が安全に行われているか確認した。
c1-part3-0062,perceptive,洞察力のある,「洞察力のある」という性質を表す語。人・物・状況を評価・分類する形容詞表現。 ,"A perceptive student noticed the hidden meaning.",洞察力のある学生が隠された意味に気づいた。
c1-part3-0063,sedentary,体を動かすことが少ない,「体を動かすことが少ない」という性質を表す語。人・物・状況を評価・分類する形容詞表現。 ,"A sedentary lifestyle can harm your health.",座りっぱなしの生活習慣は健康を害することがある。
c1-part3-0064,dislodge,～ を無理に押しのける,「無理に押しのける」という動き・変化を表す語。物理的な動作だけでなく、抽象的な作用にも使う。 ,"The earthquake can dislodge rocks from the cliff.",地震は崖から岩を崩落させることがある。
c1-part3-0065,inexplicable,説明できない,「説明できない」という性質を表す語。人・物・状況を評価・分類する形容詞表現。 ,"His inexplicable absence worried the teacher.",彼の説明のつかない欠席が教師を心配させた。
c1-part3-0066,apprehensive,心配した,「心配した」という性質を表す語。人・物・状況を評価・分類する形容詞表現。 ,"She felt apprehensive before the interview.",面接前に彼女は不安を感じた。
c1-part3-0067,grapefruit,グレープフルーツ,「グレープフルーツ」を表す語という具体的対象。人・物・場所などを直接指す語。 ,"She ate a grapefruit for breakfast.",彼女は朝食にグレープフルーツを食べた。
c1-part3-0068,fanatic,狂信者,「狂信者」を表す語という具体的対象。人・物・場所などを直接指す語。 ,"A football fanatic watched every match.",サッカーの熱狂的なファンが全試合を観戦した。
c1-part3-0069,pleasurable,楽しい,「楽しい」を表す語。具体的な意味から、比喩・専門的な使い方にも広がる。 ,"A walk by the sea can be pleasurable.",海辺を散歩するのは気持ちがいい。
c1-part3-0070,cynicism,皮肉,「皮肉」という状態や考えを表す語。学術・法律・制度などの改まった文脈で多い。 ,"His cynicism made him doubt every promise.",彼の皮肉屋な性格がすべての約束を疑わせた。
c1-part3-0071,gush,勢いよく噴き出す,「勢いよく噴き出す」を表す語。具体的な意味から、比喩・専門的な使い方にも広がる。 ,"Water began to gush from the broken pipe.",壊れたパイプから水が噴き出し始めた。
c1-part3-0072,restorative,回復させる,「回復させる」という動き・変化を表す語。物理的な動作だけでなく、抽象的な作用にも使う。 ,"A short nap can be restorative.",短い昼寝は疲れを回復させてくれる。
c1-part3-0073,devotee,熱中する人,「熱中する人」を表す語という具体的対象。人・物・場所などを直接指す語。 ,"A devotee of jazz visited the club every week.",ジャズの愛好家が毎週クラブを訪れた。
c1-part3-0074,homely,家庭的な；素朴な,「家庭的な」を表す語という仕方。動作・判断の程度や話し手の態度を補う。「素朴な」の意味もある。 ,"The cottage had a homely, welcoming atmosphere.",コテージは家庭的で温かい雰囲気だった。
c1-part3-0075,ludicrous,ばかげた,「ばかげた」という性質を表す語。人・物・状況を評価・分類する形容詞表現。 ,"The idea sounded ludicrous at first.",そのアイデアは最初ばかばかしく聞こえた。
c1-part3-0076,screenplay,映画のシナリオ,「映画のシナリオ」を表す語。具体的な意味から、比喩・専門的な使い方にも広がる。 ,"The writer turned the screenplay into a successful film.",その作家は脚本を人気映画にした。
c1-part3-0077,ferocious,恐ろしい,「恐ろしい」を表す語。具体的な意味から、比喩・専門的な使い方にも広がる。 ,"The ferocious dog barked at the gate.",獰猛な犬が門のところで吠えた。
c1-part3-0078,tantamount,同等の,「同等の」という性質を表す語。人・物・状況を評価・分類する形容詞表現。 ,"His silence was tantamount to refusal.",彼の沈黙は事実上の拒否だった。
c1-part3-0079,sarcasm,皮肉,「皮肉」を表す語。具体的な意味から、比喩・専門的な使い方にも広がる。 ,"His sarcasm hurt her feelings.",彼の皮肉が彼女の気持ちを傷つけた。
c1-part3-0080,ghostly,幽霊の,「幽霊の」を表す語という仕方。動作・判断の程度や話し手の態度を補う。 ,"A ghostly figure appeared in the fog.",霧の中に幽霊のような姿が現れた。
c1-part3-0081,limitless,無限の,「無限の」という性質を表す語。人・物・状況を評価・分類する形容詞表現。 ,"The desert seemed limitless.",砂漠は果てしなく広がっているように見えた。
c1-part3-0082,monotony,単調,「単調」を表す語。具体的な意味から、比喩・専門的な使い方にも広がる。 ,"The monotony of the work made him sleepy.",仕事の単調さが彼を眠くさせた。
c1-part3-0083,detest,～ を嫌悪する,「嫌悪する」という動き・変化を表す語。物理的な動作だけでなく、抽象的な作用にも使う。 ,"I detest cruelty to animals.",私は動物への残酷な行為が嫌いだ。
c1-part3-0084,inexhaustible,使いきれない,「使いきれない」という性質を表す語。人・物・状況を評価・分類する形容詞表現。 ,"He has inexhaustible energy.",彼には尽きることのないエネルギーがある。
c1-part3-0085,dismay,～ をうろたえさせる,「うろたえさせる」という動き・変化を表す語。物理的な動作だけでなく、抽象的な作用にも使う。 ,"The news filled her with dismay.",そのニュースは彼女を落胆させた。
c1-part3-0086,retrace,～ を引き返す,「引き返す」という動き・変化を表す語。物理的な動作だけでなく、抽象的な作用にも使う。 ,"We had to retrace our steps to find the keys.",鍵を見つけるために同じ道を戻らなければならなかった。
c1-part3-0087,extortion,恐喝；強要,「恐喝」という状態や考えを表す語。学術・法律・制度などの改まった文脈で多い。「強要」の意味もある。 ,"The gang was arrested for extortion.",そのギャングは恐喝の罪で逮捕された。
c1-part3-0088,insecure,不安定な；自信のない,安全や安心が確保されていない状態。心理的に不安・自信が持てない意味も。,"She felt insecure about speaking English.",彼女は英語を話すことに自信がなかった。
c1-part3-0089,altruism,利他主義,「利他主義」という状態や考えを表す語。学術・法律・制度などの改まった文脈で多い。 ,"Altruism means helping others without reward.",利他主義とは見返りなく他者を助けることだ。
c1-part3-0090,lavatory,トイレ；洗面所,「トイレ」を表す語。具体的な意味から、比喩・専門的な使い方にも広がる。「洗面所」の意味もある。 ,"The lavatory is at the end of the hall.",トイレは廊下の突き当たりにある。
c1-part3-0091,carpentry,大工職,「大工職」を表す語という具体的対象。人・物・場所などを直接指す語。 ,"He learned carpentry from his father.",彼は父から大工仕事を学んだ。
c1-part3-0092,antiquated,時代遅れの,「時代遅れの」という性質を表す語。人・物・状況を評価・分類する形容詞表現。 ,"The museum displayed antiquated machines.",博物館には時代遅れの機械が展示されていた。
c1-part3-0093,gourmet,食通,「食通」を表す語。具体的な意味から、比喩・専門的な使い方にも広がる。 ,"The restaurant serves gourmet food.",そのレストランはグルメ料理を提供している。
c1-part3-0094,ewe,雌羊,「雌羊」を表す語という具体的対象。人・物・場所などを直接指す語。 ,"The ewe stayed close to her lamb.",雌羊は子羊のそばを離れなかった。
c1-part3-0095,scoff,あざける；嘲笑,「あざける」を表す語。具体的な意味から、比喩・専門的な使い方にも広がる。「嘲笑」の意味もある。 ,"Do not scoff at her idea.",彼女のアイデアをあざ笑ってはいけない。
c1-part3-0096,disillusionment,幻滅,「幻滅」という状態や考えを表す語。学術・法律・制度などの改まった文脈で多い。 ,"The scandal led to deep disillusionment.",そのスキャンダルは深い幻滅を招いた。
c1-part3-0097,succulent,汁気の多い；魅力的な,水分をたっぷり含んだ多肉質のイメージ。多肉植物やジューシーな食べ物に。,"The succulent leaves store water.",多肉植物の葉は水を蓄える。
c1-part3-0098,tranquil,静かな,「静かな」という性質を表す語。人・物・状況を評価・分類する形容詞表現。 ,"The garden was tranquil in the morning.",庭は朝の間は静かだった。
c1-part3-0099,interject,～ を差しはさむ,「差しはさむ」という動き・変化を表す語。物理的な動作だけでなく、抽象的な作用にも使う。 ,"Please do not interject while others are speaking.",他の人が話している間は口をはさまないでください。
c1-part3-0100,veneration,尊敬,「尊敬」という状態や考えを表す語。学術・法律・制度などの改まった文脈で多い。 ,"The shrine is a place of veneration.",その神社は崇拝の場所だ。
c1-part3-0101,supple,柔軟な,「柔軟な」という性質を表す語。人・物・状況を評価・分類する形容詞表現。 ,"The leather felt soft and supple.",革はやわらかくしなやかな感触だった。
c1-part3-0102,bearded,ひげのある,「ひげのある」という性質を表す語。人・物・状況を評価・分類する形容詞表現。 ,"A bearded man opened the door.",ひげを生やした男性がドアを開けた。
c1-part3-0103,connoisseur,目利き；鑑定家,「目利き」を表す語。具体的な意味から、比喩・専門的な使い方にも広がる。「鑑定家」の意味もある。 ,"A wine connoisseur judged the contest.",ワインの鑑定家がコンテストを審査した。
c1-part3-0104,hypocrite,偽善者,「偽善者」を表す語という具体的対象。人・物・場所などを直接指す語。 ,"A hypocrite criticizes others for the same faults.",偽善者は他人が自分と同じ欠点で批判する人だ。
c1-part3-0105,munch,～ をむしゃむしゃ食べる,「むしゃむしゃ食べる」という動き・変化を表す語。物理的な動作だけでなく、抽象的な作用にも使う。 ,"Children like to munch on popcorn during the movie.",子どもたちは映画の間ポップコーンをむしゃむしゃ食べるのが好きだ。
c1-part3-0106,sarcastic,皮肉な,「皮肉な」という性質を表す語。人・物・状況を評価・分類する形容詞表現。 ,"His sarcastic comment hurt her feelings.",彼の皮肉な発言が彼女の気持ちを傷つけた。
c1-part3-0107,wayside,道ばた,「道ばた」という性質を表す語。人・物・状況を評価・分類する形容詞表現。 ,"Wildflowers grew by the wayside.",野花が道端に咲いていた。
c1-part3-0108,methodical,秩序立った,「秩序立った」という性質を表す語。人・物・状況を評価・分類する形容詞表現。 ,"She took a methodical approach to the task.",彼女はその課題に系統的なアプローチをとった。
c1-part3-0109,detritus,破片；残骸,「破片」を表す語。具体的な意味から、比喩・専門的な使い方にも広がる。「残骸」の意味もある。 ,"The river carried detritus after the flood.",洪水の後、川は堆積物を運んだ。
c1-part3-0110,plummet,まっすぐに落ちる,「まっすぐに落ちる」を表す語。具体的な意味から、比喩・専門的な使い方にも広がる。 ,"Stock prices began to plummet after the news.",株価はそのニュースの後急落し始めた。
c1-part3-0111,otter,カワウソ,「カワウソ」を表す語という具体的対象。人・物・場所などを直接指す語。 ,"An otter swam across the river.",カワウソが川を泳いで渡った。
c1-part3-0112,innovate,革新する,「革新する」という動き・変化を表す語。物理的な動作だけでなく、抽象的な作用にも使う。 ,"Companies must innovate to survive.",企業は生き残るために革新しなければならない。
c1-part3-0113,altruistic,利他主義的,「利他主義的」という状態や考えを表す語。学術・法律・制度などの改まった文脈で多い。 ,"His altruistic act helped many strangers.",彼の利他的な行動が多くの見知らぬ人を助けた。
c1-part3-0114,panoramic,全景が見える,「全景が見える」を表す語。具体的な意味から、比喩・専門的な使い方にも広がる。 ,"The hotel room had a panoramic view.",ホテルの部屋からは全景が見渡せた。
c1-part3-0115,squander,～ を浪費する,「浪費する」という動き・変化を表す語。物理的な動作だけでなく、抽象的な作用にも使う。 ,"Do not squander this opportunity.",このチャンスを無駄にしてはいけない。
c1-part3-0116,placid,穏やかな,「穏やかな」という性質を表す語。人・物・状況を評価・分類する形容詞表現。 ,"The lake was placid in the morning.",湖は朝の間は穏やかだった。
c1-part3-0117,lethargy,無気力,「動く気力がない状態」を表す語。眠気より無気力の響きが強い。 ,"After lunch, lethargy made him sleepy.",昼食後、倦怠感が彼を眠くさせた。
c1-part3-0118,pounce,飛びかかる,「飛びかかる」を表す語。具体的な意味から、比喩・専門的な使い方にも広がる。 ,"The cat waited to pounce on the mouse.",猫はネズミに飛びかかろうと待ち構えた。
c1-part3-0119,silhouette,影絵,「影絵」を表す語。具体的な意味から、比喩・専門的な使い方にも広がる。 ,"The mountain formed a dark silhouette at sunset.",山は夕暮れ時に暗いシルエットを作った。
c1-part3-0120,wry,皮肉な；ゆがんだ,「皮肉な」を表す語。具体的な意味から、比喩・専門的な使い方にも広がる。「ゆがんだ」の意味もある。 ,"She gave him a wry smile.",彼女は彼に苦笑いを向けた。
c1-part3-0121,plausibility,もっともらしさ,「もっともらしさ」という状態や考えを表す語。学術・法律・制度などの改まった文脈で多い。 ,"The detective questioned the plausibility of the story.",探偵はその話の信憑性を疑問視した。
c1-part3-0122,ceaseless,絶え間のない,「絶え間のない」という性質を表す語。人・物・状況を評価・分類する形容詞表現。 ,"The ceaseless noise kept me awake.",絶え間ない騒音で眠れなかった。
c1-part3-0123,heroine,女性の英雄,「女性の英雄」という状態や考えを表す語。学術・法律・制度などの改まった文脈で多い。 ,"The heroine saved the village.",ヒロインが村を救った。
c1-part3-0124,exuberant,元気に満ちあふれている,「元気に満ちあふれている」を表す語。具体的な意味から、比喩・専門的な使い方にも広がる。 ,"The children were exuberant after the win.",子どもたちは勝利の後大いに盛り上がっていた。
c1-part3-0125,avid,熱心な；貪欲な,「熱心な」という性質を表す語。人・物・状況を評価・分類する形容詞表現。「貪欲な」の意味もある。 ,"He is an avid reader.",彼は熱心な読書家だ。
c1-part3-0126,daunt,～ をおじけづかせる,「おじけづかせる」という動き・変化を表す語。物理的な動作だけでなく、抽象的な作用にも使う。 ,"The challenge did not daunt her.",その困難は彼女を怯ませなかった。
c1-part3-0127,unsettle,～ を動揺させる,「動揺させる」という動き・変化を表す語。物理的な動作だけでなく、抽象的な作用にも使う。 ,"The sudden noise can unsettle a nervous horse.",突然の騒音は神経質な馬を不安にさせることがある。
c1-part3-0128,daydream,白日夢,「白日夢」を表す語。具体的な意味から、比喩・専門的な使い方にも広がる。 ,"He began to daydream during class.",彼は授業中に空想に耽り始めた。
c1-part3-0129,prowl,足音をしのばせてうろつき回る,「足音をしのばせてうろつき回る」を表す語。具体的な意味から、比喩・専門的な使い方にも広がる。 ,"Cats prowl through the alley at night.",猫は夜に路地をうろつく。
c1-part3-0130,violet,スミレ,「スミレ」を表す語という具体的対象。人・物・場所などを直接指す語。 ,"She wore a violet dress.",彼女は紫のドレスを着ていた。
c1-part3-0131,induct,～ を就任させる；導入する,正式な手続きで組織や役職に加える・就任させる。軍隊に入隊させる意味も。,"The club will induct new members tonight.",クラブは今夜新しいメンバーを入会させる。
c1-part3-0132,gruesome,恐ろしい,「恐ろしい」を表す語。具体的な意味から、比喩・専門的な使い方にも広がる。 ,"The movie showed a gruesome scene.",その映画には残酷なシーンがあった。
c1-part3-0133,cloak,外とう；覆い隠すもの,「覆って隠すもの」を表す語。外とうから隠蔽の比喩へ広がる。「覆い隠すもの」の意味もある。 ,"The magician wore a black cloak.",マジシャンは黒いマントを着ていた。
c1-part3-0134,rustle,サラサラ音を立てる,「サラサラ音を立てる」を表す語。具体的な意味から、比喩・専門的な使い方にも広がる。 ,"Leaves rustle in the autumn wind.",葉が秋風にさらさらと揺れる。
c1-part3-0135,showy,人目を引く,「人目を引く」を表す語という具体的対象。人・物・場所などを直接指す語。 ,"He wore a showy jacket.",彼は派手なジャケットを着ていた。
c1-part3-0136,smug,自己満足した,「自己満足した」という性質を表す語。人・物・状況を評価・分類する形容詞表現。 ,"He gave a smug smile.",彼は満足げな笑みを浮かべた。
c1-part3-0137,venerate,～ を尊敬する,「尊敬する」という動き・変化を表す語。物理的な動作だけでなく、抽象的な作用にも使う。 ,"Many people venerate the ancient statue.",多くの人がその古代の像を崇めている。
c1-part3-0138,gnaw,～ をかじる,「かじる」という動き・変化を表す語。物理的な動作だけでなく、抽象的な作用にも使う。 ,"The dog began to gnaw on the bone.",犬は骨をかじり始めた。
c1-part3-0139,domestication,飼いならすこと,「飼いならすこと」という状態や考えを表す語。学術・法律・制度などの改まった文脈で多い。 ,"The domestication of dogs began long ago.",犬の家畜化はずっと昔に始まった。
c1-part3-0140,convoluted,回旋状の,「回旋状の」という性質を表す語。人・物・状況を評価・分類する形容詞表現。 ,"The convoluted explanation was hard to follow.",その複雑な説明は理解しにくかった。
c1-part3-0141,suitor,求婚者,「求婚者」を表す語という具体的対象。人・物・場所などを直接指す語。 ,"The suitor brought flowers to her house.",求婚者が彼女の家に花を持ってきた。
c1-part3-0142,artistically,芸術的に,「芸術的に」を表す語という仕方。動作・判断の程度や話し手の態度を補う。 ,"The room was artistically decorated.",その部屋は芸術的に飾られていた。
c1-part3-0143,enviable,人をうらやましがらせる,「人をうらやましがらせる」を表す語という具体的対象。人・物・場所などを直接指す語。 ,"She has an enviable talent for music.",彼女は音楽において羨ましいほどの才能がある。
c1-part3-0144,docile,扱いやすい,「扱いやすい」を表す語。具体的な意味から、比喩・専門的な使い方にも広がる。 ,"The dog was docile and easy to train.",その犬はおとなしく、しつけやすかった。
c1-part3-0145,sentient,知覚力のある,「知覚力のある」という性質を表す語。人・物・状況を評価・分類する形容詞表現。 ,"A sentient being can feel and think.",感覚を持つ存在は感じたり考えたりできる。
c1-part3-0146,quip,警句,「警句」を表す語。具体的な意味から、比喩・専門的な使い方にも広がる。 ,"He answered with a clever quip.",彼は気の利いた冗談で答えた。
c1-part3-0147,cleanly,きれいに；潔く,「きれいに」を表す語という仕方。動作・判断の程度や話し手の態度を補う。「潔く」の意味もある。 ,"The knife cut cleanly through the paper.",そのナイフは紙をきれいに切った。
c1-part3-0148,refurbish,～ をぴかぴかにみがき直す,「ぴかぴかにみがき直す」という動き・変化を表す語。物理的な動作だけでなく、抽象的な作用にも使う。 ,"They plan to refurbish the old hotel.",彼らは古いホテルを改装する予定だ。
c1-part3-0149,hypocritical,偽善の,「偽善の」という性質を表す語。人・物・状況を評価・分類する形容詞表現。 ,"It was hypocritical to criticize others for lying.",嘘をついたことで他人を批判するのは偽善だった。
c1-part3-0150,oddity,奇妙なもの；変わり者,普通とはかけ離れた奇妙さや変わった性質のもの・人。奇異さを表す名詞。,"The strange coin was an oddity.",その珍しいコインは珍品だった。
c1-part3-0151,uneventful,波乱のない,「波乱のない」という性質を表す語。人・物・状況を評価・分類する形容詞表現。 ,"The flight was uneventful.",フライトは何事もなく終わった。
c1-part3-0152,exuberance,活気；あふれる豊かさ,あふれ出るような活気・熱気。感情や植物が豊かに広がるイメージの名詞。,"Her exuberance filled the room with energy.",彼女の溌溂さが部屋をエネルギーで満たした。
c1-part3-0153,roundup,一斉検挙；まとめ,「一斉検挙」を表す語。具体的な意味から、比喩・専門的な使い方にも広がる。「まとめ」の意味もある。 ,"The news gave a roundup of the week.",そのニュースは1週間の出来事をまとめた。
c1-part3-0154,flashback,回想場面,「過去へ戻る場面」を表す語。記憶・映画技法の両方で使う。 ,"The novel uses a flashback to show her childhood.",その小説は回想シーンを使って彼女の幼少期を描いている。
c1-part3-0155,plausibly,もっともらしく,「もっともらしく」を表す語という仕方。動作・判断の程度や話し手の態度を補う。 ,"He plausibly explained why he was late.",彼は遅刻した理由をもっともらしく説明した。
c1-part3-0156,magnetically,磁気によって,「磁気によって」を表す語という仕方。動作・判断の程度や話し手の態度を補う。 ,"The needle was magnetically attracted to the metal.",針は磁気によって金属に引き付けられた。
c1-part3-0157,gadget,小型機器；便利な道具,実用的な小型の機械や器具。特に新しい技術を使った便利な道具を指す語。,"This gadget saves time in the kitchen.",このガジェットは台所での時間を節約してくれる。
c1-part3-0158,folktale,伝説物語,「伝説物語」を表す語。具体的な意味から、比喩・専門的な使い方にも広がる。 ,"The folktale teaches a simple moral.",その民話はシンプルな教訓を教えてくれる。
c1-part3-0159,tantrum,かんしゃく,「かんしゃく」を表す語。具体的な意味から、比喩・専門的な使い方にも広がる。 ,"The child threw a tantrum in the store.",子どもは店の中でかんしゃくを起こした。
c1-part3-0160,sarcastically,皮肉たっぷりに,「皮肉たっぷりに」を表す語という仕方。動作・判断の程度や話し手の態度を補う。 ,"He answered sarcastically and rolled his eyes.",彼は皮肉っぽく答えて目を丸めた。
c1-part3-0161,stuffy,息苦しい；堅苦しい,「息苦しい」を表す語。具体的な意味から、比喩・専門的な使い方にも広がる。「堅苦しい」の意味もある。 ,"The room felt stuffy with no window open.",窓が開いていないので部屋は息苦しかった。
c1-part3-0162,accustomed,慣れた,「慣れた」という性質を表す語。人・物・状況を評価・分類する形容詞表現。 ,"She is accustomed to cold weather.",彼女は寒い天気に慣れている。
c1-part3-0163,frosty,霜の降りた；冷たい,「霜の降りた」を表す語。具体的な意味から、比喩・専門的な使い方にも広がる。「冷たい」の意味もある。 ,"The ground was frosty in the morning.",朝は地面に霜が降りていた。
c1-part3-0164,dutiful,本分を守る,「本分を守る」を表す語。具体的な意味から、比喩・専門的な使い方にも広がる。 ,"The dutiful son visited his parents weekly.",孝行な息子は毎週親の元を訪れた。
c1-part3-0165,manicure,手の爪の手入れ,「手の爪の手入れ」という状態や考えを表す語。学術・法律・制度などの改まった文脈で多い。 ,"She got a manicure at the salon.",彼女はサロンでマニキュアを受けた。
c1-part3-0166,sedate,落ち着いた；鎮静する,穏やかで落ち着いたイメージ。医療では薬で鎮静させる動詞の意味もある。,"Doctors may sedate a patient before surgery.",医師は手術前に患者を鎮静させることがある。
c1-part3-0167,paternalistic,温情主義的な,「温情主義的な」という性質を表す語。人・物・状況を評価・分類する形容詞表現。 ,"His paternalistic attitude annoyed the staff.",彼の父権主義的な態度はスタッフを苛立たせた。
c1-part3-0168,scornful,軽べつする,「軽べつする」という動き・変化を表す語。物理的な動作だけでなく、抽象的な作用にも使う。 ,"She gave him a scornful look.",彼女は彼を軽蔑するような目で見た。
c1-part3-0169,concerto,協奏曲,「協奏曲」を表す語。具体的な意味から、比喩・専門的な使い方にも広がる。 ,"The pianist played a concerto.",ピアニストが協奏曲を演奏した。
c1-part3-0170,hibernation,冬眠,「冬眠」という状態や考えを表す語。学術・法律・制度などの改まった文脈で多い。 ,"Bears enter hibernation during winter.",クマは冬の間に冬眠する。
c1-part3-0171,tinker,いじくる；修理屋,「いじくる」を表す語。具体的な意味から、比喩・専門的な使い方にも広がる。「修理屋」の意味もある。 ,"He likes to tinker with old radios.",彼は古いラジオをいじるのが好きだ。
c1-part3-0172,undaunted,恐れない,「恐れない」という性質を表す語。人・物・状況を評価・分類する形容詞表現。 ,"She remained undaunted by the challenge.",彼女はその困難に怯まなかった。
c1-part3-0173,insubordination,不服従,「不服従」という状態や考えを表す語。学術・法律・制度などの改まった文脈で多い。 ,"The soldier was punished for insubordination.",その兵士は反抗的行為として罰せられた。
c1-part3-0174,chisel,～ のみ,「み」を表す語。具体的な意味から、比喩・専門的な使い方にも広がる。 ,"He used a chisel to cut the stone.",彼は石を切るためにノミを使った。
c1-part3-0175,reminisce,思い出話をする,「思い出話をする」という動き・変化を表す語。物理的な動作だけでなく、抽象的な作用にも使う。 ,"They like to reminisce about their school days.",彼らは学校時代を懐かしく思い出すのが好きだ。
c1-part3-0176,exhilarate,～ をうきうきさせる,「うきうきさせる」という動き・変化を表す語。物理的な動作だけでなく、抽象的な作用にも使う。 ,"The fast ride can exhilarate the children.",スリリングな乗り物は子どもたちを興奮させることができる。
c1-part3-0177,wrangle,口論,「口論」を表す語。具体的な意味から、比喩・専門的な使い方にも広がる。 ,"The lawyers wrangled over the contract.",弁護士たちは契約をめぐって激しく言い争った。
c1-part3-0178,interjection,間投詞,「間投詞」という状態や考えを表す語。学術・法律・制度などの改まった文脈で多い。 ,"“Wow” is an interjection that shows surprise.",「わあ」は驚きを表す間投詞だ。
c1-part3-0179,spartan,スパルタの,「スパルタの」という性質を表す語。人・物・状況を評価・分類する形容詞表現。 ,"The spartan room had only a bed and a chair.",スパルタ式の部屋にはベッドと椅子しかなかった。
c1-part3-0180,tactful,如才ない,「如才ない」という性質を表す語。人・物・状況を評価・分類する形容詞表現。 ,"A tactful reply avoided an argument.",機転の利いた返答が口論を避けた。
c1-part3-0181,temperamental,気性からくる,「気性からくる」という状態や考えを表す語。学術・法律・制度などの改まった文脈で多い。 ,"The old engine is temperamental.",古いエンジンは気まぐれだ。
c1-part3-0182,transfix,～ を釘づけにする,「釘づけにする」という動き・変化を表す語。物理的な動作だけでなく、抽象的な作用にも使う。 ,"The dancer seemed to transfix the audience.",ダンサーは観客を魅了したようだった。
c1-part3-0183,imp,小悪魔,「小悪魔」を表す語。具体的な意味から、比喩・専門的な使い方にも広がる。 ,"The imp played a trick on the villagers.",小鬼が村人にいたずらをした。
c1-part3-0184,liaison,連絡；仲介,「連絡」を表す語。具体的な意味から、比喩・専門的な使い方にも広がる。「仲介」の意味もある。 ,"She acted as a liaison between the two teams.",彼女は二つのチームの間の連絡役を務めた。
c1-part3-0185,effortless,楽々とできる,「楽々とできる」という性質を表す語。人・物・状況を評価・分類する形容詞表現。 ,"She made the difficult task look effortless.",彼女は難しい作業を簡単そうにやってのけた。
c1-part3-0186,exhilaration,うきうきさせること,「うきうきさせること」という動き・変化を表す語。物理的な動作だけでなく、抽象的な作用にも使う。 ,"Winning the race filled her with exhilaration.",レースに勝ったことで彼女は高揚感で満たされた。
c1-part3-0187,mountaineer,登山家,「登山家」を表す語。具体的な意味から、比喩・専門的な使い方にも広がる。 ,"The mountaineer climbed the icy ridge before sunrise.",登山家は日の出前に氷の尾根を登った。
c1-part3-0188,detestable,憎悪すべき,「憎悪すべき」を表す語。具体的な意味から、比喩・専門的な使い方にも広がる。 ,"His detestable behavior angered everyone.",彼の忌まわしい行動は全員を怒らせた。
c1-part3-0189,climactic,最高潮の,「最高潮の」という性質を表す語。人・物・状況を評価・分類する形容詞表現。 ,"The climactic scene came at the end.",クライマックスのシーンは最後に来た。
c1-part3-0190,cynic,皮肉屋,「皮肉屋」を表す語。具体的な意味から、比喩・専門的な使い方にも広がる。 ,"A cynic doubts everyone’s motives.",皮肉屋は誰の動機も疑う。
c1-part3-0191,inexcusable,言い訳のたたない,「言い訳のたたない」という性質を表す語。人・物・状況を評価・分類する形容詞表現。 ,"Lying to the customer was inexcusable.",顧客に嘘をつくことは許されない。
c1-part3-0192,exhilarating,うきうきさせる,「うきうきさせる」という動き・変化を表す語。物理的な動作だけでなく、抽象的な作用にも使う。 ,"The roller coaster ride was exhilarating.",ジェットコースターの乗り物はスリル満点だった。
c1-part3-0193,aimless,目的のない,「目的のない」という性質を表す語。人・物・状況を評価・分類する形容詞表現。 ,"The aimless walk led nowhere.",目的のない散歩はどこにもたどり着かなかった。
c1-part3-0194,stoke,～ をかき立てる,「かき立てる」という動き・変化を表す語。物理的な動作だけでなく、抽象的な作用にも使う。 ,"Add wood to stoke the fire.",火に薪をくべた。
c1-part3-0195,craving,切望,「切望」を表す語。具体的な意味から、比喩・専門的な使い方にも広がる。 ,"She had a craving for chocolate.",彼女はチョコレートが無性に食べたくなった。
c1-part3-0196,staccato,スタッカートの,「スタッカートの」という性質を表す語。人・物・状況を評価・分類する形容詞表現。 ,"The drummer played a staccato rhythm.",ドラマーはスタッカートのリズムを叩いた。
c1-part3-0197,nondescript,目立った特色のない,「目立った特色のない」という性質を表す語。人・物・状況を評価・分類する形容詞表現。 ,"The building looked nondescript from the street.",そのビルは通りから見ると特徴のない外観だった。
c1-part3-0198,impersonation,まねをすること,「まねをすること」という状態や考えを表す語。学術・法律・制度などの改まった文脈で多い。 ,"His impersonation of the teacher sounded exactly like her.",彼の先生のものまねはそっくりだった。
c1-part3-0199,demise,死,「死」を表す語。具体的な意味から、比喩・専門的な使い方にも広がる。 ,"The empire’s demise came after years of war.",その帝国の崩壊は長年の戦争の末に訪れた。
c1-part3-0200,gig,単発の仕事；ライブ,「一回限りの仕事」を表す語。音楽ライブや副業にも使う。「単発の仕事」の意味もある。 ,"The band has a gig tonight.",そのバンドは今夜ライブがある。
